<?xml version="1.0"?>
<!--<!DOCTYPE metadata SYSTEM "http://www.esri.com/metadata/esriprof80.dtd">-->
<metadata xml:lang="fa"><Esri><CreaDate>20240415</CreaDate><CreaTime>18030700</CreaTime><SyncOnce>FALSE</SyncOnce><SyncDate>20130417</SyncDate><SyncTime>17443900</SyncTime><ModDate>20130417</ModDate><ModTime>17443900</ModTime><DataProperties><lineage><Process ToolSource="C:\Program Files\ArcGIS\ArcToolbox\Toolboxes\Data Management Tools.tbx\CopyFeatures" Date="20090929" Time="122816">CopyFeatures E:\Shapefile\vhamadan.shp E:\IRAN.mdb\HAMADAN\vhamadan # 0 0 0</Process><Process ToolSource="C:\Program Files\ArcGIS\ArcToolbox\Toolboxes\Data Management Tools.tbx\Dissolve" Date="20101108" Time="142759">Dissolve Vhamadan "E:\data\U P D A T E 1389\C\Chamadan.shp" SHAHRESTAN # MULTI_PART DISSOLVE_LINES</Process><Process ToolSource="c:\program files\arcgis\desktop10.1\ArcToolbox\Toolboxes\Data Management Tools.tbx\Merge" Date="20130417" Time="174440">Merge 'New Group Layer\Chamadan';'New Group Layer\Cgolestan';'New Group Layer\Cgilan';'New Group Layer\Cfars';'New Group Layer\Ckhoras_n';'New Group Layer\Ckhoras_r';'New Group Layer\Ckhoras_s';'New Group Layer\Ckhuzestan';'New Group Layer\Ceast';'New Group Layer\Ckermanshah';'New Group Layer\Ccharmahal';'New Group Layer\Ckerman';'New Group Layer\Cmarkazi';'New Group Layer\Cmazan';'New Group Layer\Cqazvin';'New Group Layer\Cqom';'New Group Layer\Csemnan';'New Group Layer\Csistan';'New Group Layer\Cbushehr';'New Group Layer\Cisfahan';'New Group Layer\Clorestan';'New Group Layer\Cardabil';'New Group Layer\Cilam';'New Group Layer\Ckordestan';'New Group Layer\Cwest';'New Group Layer\Cyazd';'New Group Layer\Czanjan';'New Group Layer\Calborz';'New Group Layer\Chormozgan';'New Group Layer\Ckohgil';shah C:\Users\URANUS\Desktop\Spatial_dataa\test\Shahrestan_Spatial_Academy.shp "SHAHRESTAN "SHAHRESTAN" true true false 20 Text 0 0 ,First,#,New Group Layer\Chamadan,SHAHRESTAN,-1,-1,New Group Layer\Cgolestan,SHAHRESTAN,-1,-1,New Group Layer\Cgilan,SHAHRESTAN,-1,-1,New Group Layer\Cfars,SHAHRESTAN,-1,-1,New Group Layer\Ckhoras_n,SHAHRESTAN,-1,-1,New Group Layer\Ckhoras_r,SHAHRESTAN,-1,-1,New Group Layer\Ckhoras_s,SHAHRESTAN,-1,-1,New Group Layer\Ckhuzestan,SHAHRESTAN,-1,-1,New Group Layer\Ceast,SHAHRESTAN,-1,-1,New Group Layer\Ckermanshah,SHAHRESTAN,-1,-1,New Group Layer\Ccharmahal,SHAHRESTAN,-1,-1,New Group Layer\Ckerman,SHAHRESTAN,-1,-1,New Group Layer\Cmarkazi,SHAHRESTAN,-1,-1,New Group Layer\Cmazan,SHAHRESTAN,-1,-1,New Group Layer\Cqazvin,SHAHRESTAN,-1,-1,New Group Layer\Cqom,SHAHRESTAN,-1,-1,New Group Layer\Csemnan,SHAHRESTAN,-1,-1,New Group Layer\Csistan,SHAHRESTAN,-1,-1,New Group Layer\Cbushehr,SHAHRESTAN,-1,-1,New Group Layer\Cisfahan,SHAHRESTAN,-1,-1,New Group Layer\Clorestan,SHAHRESTAN,-1,-1,New Group Layer\Cardabil,SHAHRESTAN,-1,-1,New Group Layer\Cilam,SHAHRESTAN,-1,-1,New Group Layer\Ckordestan,SHAHRESTAN,-1,-1,New Group Layer\Cwest,SHAHRESTAN,-1,-1,New Group Layer\Cyazd,SHAHRESTAN,-1,-1,New Group Layer\Czanjan,SHAHRESTAN,-1,-1,New Group Layer\Calborz,SHAHRESTAN,-1,-1,New Group Layer\Chormozgan,SHAHRESTAN,-1,-1,New Group Layer\Ckohgil,SHAHRESTAN,-1,-1,shah,SHAHRESTAN,-1,-1;Markaz "Markaz" true true false 25 Text 0 0 ,First,#,New Group Layer\Chamadan,Markaz,-1,-1,New Group Layer\Cgolestan,Markaz,-1,-1,New Group Layer\Cgilan,Markaz,-1,-1,New Group Layer\Cfars,Markaz,-1,-1,New Group Layer\Ckhoras_n,Markaz,-1,-1,New Group Layer\Ckhoras_r,Markaz,-1,-1,New Group Layer\Ckhoras_s,Markaz,-1,-1,New Group Layer\Ckhuzestan,Markaz,-1,-1,New Group Layer\Ceast,Markaz,-1,-1,New Group Layer\Ckermanshah,Markaz,-1,-1,New Group Layer\Ccharmahal,Markaz,-1,-1,New Group Layer\Ckerman,Markaz,-1,-1,New Group Layer\Cmarkazi,Markaz,-1,-1,New Group Layer\Cmazan,Markaz,-1,-1,New Group Layer\Cqazvin,Markaz,-1,-1,New Group Layer\Cqom,Markaz,-1,-1,New Group Layer\Csemnan,Markaz,-1,-1,New Group Layer\Csistan,Markaz,-1,-1,New Group Layer\Cbushehr,Markaz,-1,-1,New Group Layer\Cisfahan,Markaz,-1,-1,New Group Layer\Clorestan,Markaz,-1,-1,New Group Layer\Cardabil,Markaz,-1,-1,New Group Layer\Cilam,Markaz,-1,-1,New Group Layer\Ckordestan,Markaz,-1,-1,New Group Layer\Cwest,Markaz,-1,-1,New Group Layer\Cyazd,Markaz,-1,-1,New Group Layer\Czanjan,Markaz,-1,-1,New Group Layer\Calborz,Markaz,-1,-1,New Group Layer\Chormozgan,Markaz,-1,-1,New Group Layer\Ckohgil,Markaz,-1,-1;Area "Area" true true false 19 Double 0 0 ,First,#,New Group Layer\Chamadan,Area,-1,-1,New Group Layer\Cgolestan,Area,-1,-1,New Group Layer\Cgilan,Area,-1,-1,New Group Layer\Cfars,Area,-1,-1,New Group Layer\Ckhoras_n,Area,-1,-1,New Group Layer\Ckhoras_r,Area,-1,-1,New Group Layer\Ckhoras_s,Area,-1,-1,New Group Layer\Ckhuzestan,Area,-1,-1,New Group Layer\Ceast,Area,-1,-1,New Group Layer\Ckermanshah,Area,-1,-1,New Group Layer\Ccharmahal,Area,-1,-1,New Group Layer\Ckerman,Area,-1,-1,New Group Layer\Cmarkazi,Area,-1,-1,New Group Layer\Cmazan,Area,-1,-1,New Group Layer\Cqazvin,Area,-1,-1,New Group Layer\Cqom,Area,-1,-1,New Group Layer\Csemnan,Area,-1,-1,New Group Layer\Csistan,Area,-1,-1,New Group Layer\Cbushehr,Area,-1,-1,New Group Layer\Cisfahan,Area,-1,-1,New Group Layer\Clorestan,Area,-1,-1,New Group Layer\Cardabil,Area,-1,-1,New Group Layer\Cilam,Area,-1,-1,New Group Layer\Ckordestan,Area,-1,-1,New Group Layer\Cwest,Area,-1,-1,New Group Layer\Cyazd,Area,-1,-1,New Group Layer\Czanjan,Area,-1,-1,New Group Layer\Calborz,Area,-1,-1,New Group Layer\Chormozgan,Area,-1,-1,New Group Layer\Ckohgil,Area,-1,-1;Hectares "Hectares" true true false 19 Double 0 0 ,First,#,New Group Layer\Chamadan,Hectares,-1,-1,New Group Layer\Cgolestan,Hectares,-1,-1,New Group Layer\Cgilan,Hectares,-1,-1,New Group Layer\Cfars,Hectares,-1,-1,New Group Layer\Ckhoras_n,Hectares,-1,-1,New Group Layer\Ckhoras_r,Hectares,-1,-1,New Group Layer\Ckhoras_s,Hectares,-1,-1,New Group Layer\Ckhuzestan,Hectares,-1,-1,New Group Layer\Ceast,Hectares,-1,-1,New Group Layer\Ckermanshah,Hectares,-1,-1,New Group Layer\Ccharmahal,Hectares,-1,-1,New Group Layer\Ckerman,Hectares,-1,-1,New Group Layer\Cmarkazi,Hectares,-1,-1,New Group Layer\Cmazan,Hectares,-1,-1,New Group Layer\Cqazvin,Hectares,-1,-1,New Group Layer\Cqom,Hectares,-1,-1,New Group Layer\Csemnan,Hectares,-1,-1,New Group Layer\Csistan,Hectares,-1,-1,New Group Layer\Cbushehr,Hectares,-1,-1,New Group Layer\Cisfahan,Hectares,-1,-1,New Group Layer\Clorestan,Hectares,-1,-1,New Group Layer\Cardabil,Hectares,-1,-1,New Group Layer\Cilam,Hectares,-1,-1,New Group Layer\Ckordestan,Hectares,-1,-1,New Group Layer\Cwest,Hectares,-1,-1,New Group Layer\Cyazd,Hectares,-1,-1,New Group Layer\Czanjan,Hectares,-1,-1,New Group Layer\Calborz,Hectares,-1,-1,New Group Layer\Chormozgan,Hectares,-1,-1,New Group Layer\Ckohgil,Hectares,-1,-1;OSTAN "OSTAN" true true false 30 Text 0 0 ,First,#,New Group Layer\Chamadan,OSTAN,-1,-1,New Group Layer\Cgolestan,OSTAN,-1,-1,New Group Layer\Cgilan,OSTAN,-1,-1,New Group Layer\Cfars,OSTAN,-1,-1,New Group Layer\Ckhoras_n,OSTAN,-1,-1,New Group Layer\Ckhoras_r,OSTAN,-1,-1,New Group Layer\Ckhoras_s,OSTAN,-1,-1,New Group Layer\Ckhuzestan,OSTAN,-1,-1,New Group Layer\Ceast,OSTAN,-1,-1,New Group Layer\Ckermanshah,OSTAN,-1,-1,New Group Layer\Ccharmahal,OSTAN,-1,-1,New Group Layer\Ckerman,OSTAN,-1,-1,New Group Layer\Cmarkazi,OSTAN,-1,-1,New Group Layer\Cmazan,OSTAN,-1,-1,New Group Layer\Cqazvin,OSTAN,-1,-1,New Group Layer\Cqom,OSTAN,-1,-1,New Group Layer\Csemnan,OSTAN,-1,-1,New Group Layer\Csistan,OSTAN,-1,-1,New Group Layer\Cbushehr,OSTAN,-1,-1,New Group Layer\Cisfahan,OSTAN,-1,-1,New Group Layer\Clorestan,OSTAN,-1,-1,New Group Layer\Cardabil,OSTAN,-1,-1,New Group Layer\Cilam,OSTAN,-1,-1,New Group Layer\Ckordestan,OSTAN,-1,-1,New Group Layer\Cwest,OSTAN,-1,-1,New Group Layer\Cyazd,OSTAN,-1,-1,New Group Layer\Czanjan,OSTAN,-1,-1,New Group Layer\Calborz,OSTAN,-1,-1,New Group Layer\Chormozgan,OSTAN,-1,-1,New Group Layer\Ckohgil,OSTAN,-1,-1,shah,OSTAN,-1,-1"</Process><Process ToolSource="c:\program files\arcgis\desktop10.1\ArcToolbox\Toolboxes\Data Management Tools.tbx\Project" Date="20130421" Time="104247">Project Shahrestan_Spatial_Academy C:\Users\URANUS\Desktop\Spatial_dataa\final\Shahrestan_Spatial_Academy.shp GEOGCS['GCS_WGS_1984',DATUM['D_WGS_1984',SPHEROID['WGS_1984',6378137.0,298.257223563]],PRIMEM['Greenwich',0.0],UNIT['Degree',0.0174532925199433]] # PROJCS['WGS_1984_UTM_Zone_39N',GEOGCS['GCS_WGS_1984',DATUM['D_WGS_1984',SPHEROID['WGS_1984',6378137.0,298.257223563]],PRIMEM['Greenwich',0.0],UNIT['Degree',0.0174532925199433]],PROJECTION['Transverse_Mercator'],PARAMETER['False_Easting',500000.0],PARAMETER['False_Northing',0.0],PARAMETER['Central_Meridian',51.0],PARAMETER['Scale_Factor',0.9996],PARAMETER['Latitude_Of_Origin',0.0],UNIT['Meter',1.0]]</Process><Process ToolSource="c:\program files\arcgis\desktop10.1\ArcToolbox\Toolboxes\Data Management Tools.tbx\CalculateField" Date="20130421" Time="104746">CalculateField Shahrestan_Spatial_Academy EMAIL "Info@SpatialAcademy.com" VB #</Process><Process ToolSource="c:\program files\arcgis\desktop10.1\ArcToolbox\Toolboxes\Data Management Tools.tbx\CalculateField" Date="20130421" Time="104805">CalculateField Shahrestan_Spatial_Academy WEBSITE "www.SpatialAcademy.com" VB #</Process><Process ToolSource="c:\program files (x86)\arcgis\desktop10.8\ArcToolbox\Toolboxes\Data Management Tools.tbx\CalculateField" Date="20240415" Time="180231">CalculateField Shahrestan سایت "مدرسه سنجش از دور" VB #</Process></lineage><itemProps><itemName Sync="TRUE">Shahrestan_Spatial_Academy</itemName><imsContentType Sync="TRUE">002</imsContentType><itemSize Sync="TRUE">0.000</itemSize><itemLocation><linkage Sync="TRUE">file://\\URANUS-PC\C$\Users\URANUS\Desktop\Spatial_dataa\test\Shahrestan_Spatial_Academy.shp</linkage><protocol Sync="TRUE">Local Area Network</protocol></itemLocation></itemProps><coordRef><type Sync="TRUE">Projected</type><geogcsn Sync="TRUE">GCS_WGS_1984</geogcsn><csUnits Sync="TRUE">Linear Unit: Meter (1.000000)</csUnits><projcsn Sync="TRUE">WGS_1984_UTM_Zone_39N</projcsn><peXml Sync="TRUE">&lt;ProjectedCoordinateSystem xsi:type='typens:ProjectedCoordinateSystem' xmlns:xsi='http://www.w3.org/2001/XMLSchema-instance' xmlns:xs='http://www.w3.org/2001/XMLSchema' xmlns:typens='http://www.esri.com/schemas/ArcGIS/10.1'&gt;&lt;WKT&gt;PROJCS[&amp;quot;WGS_1984_UTM_Zone_39N&amp;quot;,GEOGCS[&amp;quot;GCS_WGS_1984&amp;quot;,DATUM[&amp;quot;D_WGS_1984&amp;quot;,SPHEROID[&amp;quot;WGS_1984&amp;quot;,6378137.0,298.257223563]],PRIMEM[&amp;quot;Greenwich&amp;quot;,0.0],UNIT[&amp;quot;Degree&amp;quot;,0.0174532925199433]],PROJECTION[&amp;quot;Transverse_Mercator&amp;quot;],PARAMETER[&amp;quot;False_Easting&amp;quot;,500000.0],PARAMETER[&amp;quot;False_Northing&amp;quot;,0.0],PARAMETER[&amp;quot;Central_Meridian&amp;quot;,51.0],PARAMETER[&amp;quot;Scale_Factor&amp;quot;,0.9996],PARAMETER[&amp;quot;Latitude_Of_Origin&amp;quot;,0.0],UNIT[&amp;quot;Meter&amp;quot;,1.0],AUTHORITY[&amp;quot;EPSG&amp;quot;,32639]]&lt;/WKT&gt;&lt;XOrigin&gt;-5120900&lt;/XOrigin&gt;&lt;YOrigin&gt;-9998100&lt;/YOrigin&gt;&lt;XYScale&gt;450445547.3910538&lt;/XYScale&gt;&lt;ZOrigin&gt;-100000&lt;/ZOrigin&gt;&lt;ZScale&gt;10000&lt;/ZScale&gt;&lt;MOrigin&gt;-100000&lt;/MOrigin&gt;&lt;MScale&gt;10000&lt;/MScale&gt;&lt;XYTolerance&gt;0.001&lt;/XYTolerance&gt;&lt;ZTolerance&gt;0.001&lt;/ZTolerance&gt;&lt;MTolerance&gt;0.001&lt;/MTolerance&gt;&lt;HighPrecision&gt;true&lt;/HighPrecision&gt;&lt;WKID&gt;32639&lt;/WKID&gt;&lt;LatestWKID&gt;32639&lt;/LatestWKID&gt;&lt;/ProjectedCoordinateSystem&gt;</peXml></coordRef></DataProperties><ArcGISFormat>1.0</ArcGISFormat><ArcGISstyle>XTools Pro Metadata</ArcGISstyle></Esri><idinfo><native Sync="TRUE">Microsoft Windows XP Version 5.1 (Build 2600) Service Pack 3; ESRI ArcCatalog 9.3.0.1770</native><descript><langdata Sync="TRUE">fa</langdata><abstract>REQUIRED: A brief narrative summary of the data set.</abstract><purpose>REQUIRED: A summary of the intentions with which the data set was developed.</purpose></descript><citation><citeinfo><origin>REQUIRED: The name of an organization or individual that developed the data set.</origin><pubdate>REQUIRED: The date when the data set is published or otherwise made available for release.</pubdate><title Sync="TRUE">Chamadan</title><ftname Sync="TRUE">Chamadan</ftname><geoform Sync="TRUE">vector digital data</geoform><onlink Sync="TRUE">\\L-13GHOBADI\E$\data\U P D A T E 1389\C\Chamadan.shp</onlink></citeinfo></citation><timeperd><current>REQUIRED: The basis on which the time period of content information is determined.</current><timeinfo><sngdate><caldate>REQUIRED: The year (and optionally month, or month and day) for which the data set corresponds to the ground.</caldate></sngdate></timeinfo></timeperd><status><progress>REQUIRED: The state of the data set.</progress><update>REQUIRED: The frequency with which changes and additions are made to the data set after the initial data set is completed.</update></status><spdom><bounding><westbc Sync="TRUE">REQUIRED: Western-most coordinate of the limit of coverage expressed in longitude.</westbc><eastbc Sync="TRUE">REQUIRED: Eastern-most coordinate of the limit of coverage expressed in longitude.</eastbc><northbc Sync="TRUE">REQUIRED: Northern-most coordinate of the limit of coverage expressed in latitude.</northbc><southbc Sync="TRUE">REQUIRED: Southern-most coordinate of the limit of coverage expressed in latitude.</southbc></bounding></spdom><keywords><theme><themekt>REQUIRED: Reference to a formally registered thesaurus or a similar authoritative source of theme keywords.</themekt><themekey>REQUIRED: Common-use word or phrase used to describe the subject of the data set.</themekey></theme></keywords><accconst>REQUIRED: Restrictions and legal prerequisites for accessing the data set.</accconst><useconst>REQUIRED: Restrictions and legal prerequisites for using the data set after access is granted.</useconst><natvform Sync="TRUE">Shapefile</natvform></idinfo><dataIdInfo><envirDesc Sync="TRUE">Microsoft Windows 7 Version 6.1 (Build 7600) ; Esri ArcGIS 10.1.0.3035</envirDesc><dataLang><languageCode Sync="TRUE" value="fas"></languageCode><countryCode value="IRN" Sync="TRUE"></countryCode></dataLang><idCitation><resTitle Sync="TRUE">Shahrestan_Spatial_Academy</resTitle><presForm><PresFormCd Sync="TRUE" value="005"></PresFormCd></presForm></idCitation><spatRpType><SpatRepTypCd Sync="TRUE" value="001"></SpatRepTypCd></spatRpType></dataIdInfo><metainfo><langmeta Sync="TRUE">fa</langmeta><metstdn Sync="TRUE">FGDC Content Standards for Digital Geospatial Metadata</metstdn><metstdv Sync="TRUE">FGDC-STD-001-1998</metstdv><mettc Sync="TRUE">local time</mettc><metc><cntinfo><cntorgp><cntper>REQUIRED: The person responsible for the metadata information.</cntper><cntorg>REQUIRED: The organization responsible for the metadata information.</cntorg></cntorgp><cntaddr><addrtype>REQUIRED: The mailing and/or physical address for the organization or individual.</addrtype><city>REQUIRED: The city of the address.</city><state>REQUIRED: The state or province of the address.</state><postal>REQUIRED: The ZIP or other postal code of the address.</postal></cntaddr><cntvoice>REQUIRED: The telephone number by which individuals can speak to the organization or individual.</cntvoice></cntinfo></metc><metd Sync="TRUE">20101108</metd></metainfo><mdLang><languageCode Sync="TRUE" value="fas"></languageCode><countryCode value="IRN" Sync="TRUE"></countryCode></mdLang><mdStanName Sync="TRUE">ISO 19115 Geographic Information - Metadata</mdStanName><mdStanVer Sync="TRUE">DIS_ESRI1.0</mdStanVer><mdChar><CharSetCd Sync="TRUE" value="004"></CharSetCd></mdChar><mdHrLv><ScopeCd Sync="TRUE" value="005"></ScopeCd></mdHrLv><mdHrLvName Sync="TRUE">dataset</mdHrLvName><distinfo><resdesc Sync="TRUE">Downloadable Data</resdesc><stdorder><digform><digtinfo><transize Sync="TRUE">0.000</transize><dssize Sync="TRUE">0.000</dssize></digtinfo></digform></stdorder></distinfo><distInfo><distributor><distorTran><onLineSrc><orDesc Sync="TRUE">002</orDesc><linkage Sync="TRUE">file://\\L-13GHOBADI\E$\data\U P D A T E 1389\C\Chamadan.shp</linkage><protocol Sync="TRUE">Local Area Network</protocol></onLineSrc><transSize Sync="TRUE">0.000</transSize></distorTran><distorFormat><formatName Sync="TRUE">Shapefile</formatName></distorFormat></distributor><distFormat><formatName Sync="TRUE">Shapefile</formatName></distFormat><distTranOps><transSize Sync="TRUE">0.000</transSize></distTranOps></distInfo><spdoinfo><direct Sync="TRUE">Vector</direct><ptvctinf><esriterm Name="Shahrestan_Spatial_Academy"><efeatyp Sync="TRUE">Simple</efeatyp><efeageom code="4" Sync="TRUE"></efeageom><esritopo Sync="TRUE">FALSE</esritopo><efeacnt Sync="TRUE">0</efeacnt><spindex Sync="TRUE">FALSE</spindex><linrefer Sync="TRUE">FALSE</linrefer></esriterm></ptvctinf></spdoinfo><spref><horizsys><cordsysn><geogcsn Sync="TRUE">GCS_WGS_1984</geogcsn><projcsn Sync="TRUE">WGS_1984_UTM_Zone_39N</projcsn></cordsysn><planar><planci><plance Sync="TRUE">coordinate pair</plance><plandu Sync="TRUE">meters</plandu><coordrep><absres Sync="TRUE">0.000000</absres><ordres Sync="TRUE">0.000000</ordres></coordrep></planci></planar><geodetic><horizdn Sync="TRUE">D_WGS_1984</horizdn><ellips Sync="TRUE">WGS_1984</ellips><semiaxis Sync="TRUE">6378137.000000</semiaxis><denflat Sync="TRUE">298.257224</denflat></geodetic></horizsys><vertdef><altsys><altenc Sync="TRUE">Explicit elevation coordinate included with horizontal coordinates</altenc><altres Sync="TRUE">0.000100</altres></altsys></vertdef></spref><refSysInfo><RefSystem><refSysID><identCode Sync="TRUE" value="32639">WGS_1984_UTM_Zone_39N</identCode><idCodeSpace Sync="TRUE">EPSG</idCodeSpace><idVersion Sync="TRUE">7.9.4</idVersion></refSysID></RefSystem></refSysInfo><spatRepInfo><VectSpatRep><geometObjs Name="Shahrestan_Spatial_Academy"><geoObjTyp><GeoObjTypCd value="002" Sync="TRUE"></GeoObjTypCd></geoObjTyp><geoObjCnt Sync="TRUE">0</geoObjCnt></geometObjs><topLvl><TopoLevCd value="001" Sync="TRUE"></TopoLevCd></topLvl></VectSpatRep></spatRepInfo><eainfo><detailed Name="Shahrestan_Spatial_Academy"><enttyp><enttypl Sync="TRUE">Shahrestan_Spatial_Academy</enttypl><enttypt Sync="TRUE">Feature Class</enttypt><enttypc Sync="TRUE">0</enttypc></enttyp><attr><attrlabl Sync="TRUE">FID</attrlabl><attalias Sync="TRUE">FID</attalias><attrtype Sync="TRUE">OID</attrtype><attwidth Sync="TRUE">4</attwidth><atprecis Sync="TRUE">0</atprecis><attscale Sync="TRUE">0</attscale><attrdef Sync="TRUE">Internal feature number.</attrdef><attrdefs Sync="TRUE">ESRI</attrdefs><attrdomv><udom Sync="TRUE">Sequential unique whole numbers that are automatically generated.</udom></attrdomv></attr><attr><attrlabl Sync="TRUE">Shape</attrlabl><attalias Sync="TRUE">Shape</attalias><attrtype Sync="TRUE">Geometry</attrtype><attwidth Sync="TRUE">0</attwidth><atprecis Sync="TRUE">0</atprecis><attscale Sync="TRUE">0</attscale><attrdef Sync="TRUE">Feature geometry.</attrdef><attrdefs Sync="TRUE">ESRI</attrdefs><attrdomv><udom Sync="TRUE">Coordinates defining the features.</udom></attrdomv></attr><attr><attrlabl Sync="TRUE">SHAHRESTAN</attrlabl><attalias Sync="TRUE">SHAHRESTAN</attalias><attrtype Sync="TRUE">String</attrtype><attwidth Sync="TRUE">20</attwidth><atprecis Sync="TRUE">0</atprecis><attscale Sync="TRUE">0</attscale></attr><attr><attrlabl Sync="TRUE">Markaz</attrlabl><attalias Sync="TRUE">Markaz</attalias><attrtype Sync="TRUE">String</attrtype><attwidth Sync="TRUE">25</attwidth><atprecis Sync="TRUE">0</atprecis><attscale Sync="TRUE">0</attscale></attr><attr><attrlabl Sync="TRUE">Area</attrlabl><attalias Sync="TRUE">Area</attalias><attrtype Sync="TRUE">Double</attrtype><attwidth Sync="TRUE">19</attwidth><atprecis Sync="TRUE">0</atprecis><attscale Sync="TRUE">0</attscale></attr><attr><attrlabl Sync="TRUE">Hectares</attrlabl><attalias Sync="TRUE">Hectares</attalias><attrtype Sync="TRUE">Double</attrtype><attwidth Sync="TRUE">19</attwidth><atprecis Sync="TRUE">0</atprecis><attscale Sync="TRUE">0</attscale></attr><attr><attrlabl Sync="TRUE">OSTAN</attrlabl><attalias Sync="TRUE">OSTAN</attalias><attrtype Sync="TRUE">String</attrtype><attwidth Sync="TRUE">30</attwidth><atprecis Sync="TRUE">0</atprecis><attscale Sync="TRUE">0</attscale></attr></detailed></eainfo><mdDateSt Sync="TRUE">20130417</mdDateSt><dataqual><lineage><procstep><procdesc Sync="TRUE">Dataset copied.</procdesc><srcused Sync="TRUE">\\L013GHOBADI\E$\IRAN.mdb</srcused><procdate Sync="TRUE">20091026</procdate><proctime Sync="TRUE">11521900</proctime></procstep></lineage></dataqual></metadata>
