<?xml version="1.0" encoding="UTF-8"?>
<metadata xml:lang="en"><Esri><CreaDate>20240415</CreaDate><CreaTime>18011900</CreaTime><ArcGISFormat>1.0</ArcGISFormat><SyncOnce>TRUE</SyncOnce><DataProperties><lineage><Process ToolSource="c:\program files (x86)\arcgis\desktop10.8\ArcToolbox\Toolboxes\Data Management Tools.tbx\DeleteField" Date="20240415" Time="154830">DeleteField iran OBJECTID_1;OBJECTID;AREA;PERIMETER;PZANJ_;PZANJ_ID;SOURCETHM;ACRES;Shape_Leng;AREAASSS;name;Shape_Le_1;Shape_Area;F1;ID;Vitamin_D;Age;Distance_f;Pop_Densit;Illiteracy;Illitera_1;Travel_des;Response_C;Populati_1;Cumulative;F23;F25;F26;F27;F28;F29;F30;F31;F32;F33;F34;F35;F36;F37;F38;F39;F40;F41;F42;F43;F45;aaa;F1_1;ID_1;Name_12;Age_1;Precipit_1;Elevation1;Temperat_1;Pop_Dens_1;Educationa;Cumulati_1;F11;F12;F13;F14;F15;F16;F17;F18;F19;F20;F21;F22;F23_1;F24;F25_1;F26_1;F27_1;F28_1;F29_1;F30_1;F31_1;F32_1;F33_1;F34_1;F35_1;F36_1;F37_1;F38_1;F39_1;ID_12;Name_12_13;Age_12;Precipit_2;Elevatio_1;Temperat_2;Pop_Dens_2;Educatio_1;Cumulati_2</Process><Process ToolSource="c:\program files (x86)\arcgis\desktop10.8\ArcToolbox\Toolboxes\Data Management Tools.tbx\CalculateField" Date="20240415" Time="154947">CalculateField iran Website "مدرسه سنجش از دور" VB #</Process></lineage></DataProperties></Esri></metadata>
